{"epoch": 0, "batch": 0, "loss": 1.74192214012146, "_timestamp": 1711786770.445212, "_runtime": 4.03309178352356, "_step": 0, "_wandb": {"runtime": 58}}