{"epoch": 0, "batch": 150, "loss": 1.6137617826461792, "_timestamp": 1711787219.962111, "_runtime": 298.3702630996704, "_step": 3, "_wandb": {"runtime": 304}}