{"epoch": 0, "batch": 50, "loss": 1.6037194728851318, "_timestamp": 1711787410.0318432, "_runtime": 87.30010509490967, "_step": 3, "val_loss": 1.6363184452056885, "_wandb": {"runtime": 104}}